date,aveiro_rental,aveiro_sale,azores_sale,beja_sale,braga_sale,braganca_sale,castelo-branco_sale,coimbra_sale,evora_sale,faro_rental,faro_sale,guarda_sale,leiria_rental,leiria_sale,lisboa_rental,lisboa_sale,madeira_sale,portalegre_sale,porto_rental,porto_sale,portugal_rental,portugal_sale,santarem_rental,santarem_sale,setubal_rental,setubal_sale,viana-do-castelo_sale,vila-real_sale,viseu_sale,braga_rental,castelo-branco_rental,coimbra_rental,madeira_rental,viana-do-castelo_rental,vila-real_rental,viseu_rental,beja_rental,guarda_rental,evora_rental,portalegre_rental,azores_rental
2015-01-01,3.5,766,952.5,735,811,675,741,788,814,4.7,1441,737,3.6,737,5.3,1289,1130,688,4.8,929,4.3,969,3.5,736,4.5,1056,855,792,718,NA,NA,NA,NA,NA,NA,NA,NA,NA,NA,NA,NA
2015-02-01,3.8,786,932,832,775,687,751,1020,859,4.9,1333,798,3.7,798,6.3,1366,1180,700,4.8,997,5,1068,3.5,695,4.5,974,893,837,728,3.8,3.5,4.4,5.2,3.9,3.3,3.1,NA,NA,NA,NA,NA
2015-03-01,3.8,796,918.5,810,757,701,723,1016,859,4.8,1418,814,3.6,814,6.3,1354,1180,691,4.8,995,5,1078,3.4,674,4.5,994,945,822,737,3.8,3.5,4.6,5.1,3.9,3.3,3.1,3.9,NA,NA,NA,NA
2015-04-01,3.7,788,929,816,760,689,734,989,818,5,1419,848,3.7,848,6.4,1350,1161,671,5.1,1012,5.1,1078,3.5,678,4.6,989,942,813,728,3.6,3.5,4.4,5.1,3.9,3.3,3.4,NA,NA,NA,NA,NA
2015-05-01,3.8,784,954,835,750,694,737,996,821,5,1436,860,3.8,860,6.7,1412,1176,693,5.1,1000,5.2,1103,3.4,707,4.5,990,943,793,714,3.4,3.6,4.5,4.9,3.9,3.5,3.6,NA,2.9,NA,NA,NA
2015-06-01,3.8,795,972,822,750,699,729,966,828,5.4,1409,853,3.7,853,6.7,1407,1176,681,5.1,987,5.3,1099,3.3,736,4.6,980,939,785,738,3.5,3.7,4.4,5,4,3.4,3.5,NA,2.8,NA,NA,NA
2015-07-01,3.9,806,928.5,820,754,705,715,992,815,5.4,1445,840,3.8,840,7,1449,1198,659,5.3,998,5.5,1121,3.4,745,4.7,1007,932,807,736,3.6,3.6,4.6,5,4,3.7,3.5,NA,NA,5.2,NA,NA
2015-08-01,3.9,836,931.5,811,736,693,735,1110,842,5.4,1483,856,4,856,6.9,1476,1259,647,5.5,1008,5.4,1118,3.4,754,4.7,1007,942,824,755,3.5,3.3,4.4,5.1,3.9,3.7,3.6,4.1,NA,5.1,NA,NA
2015-09-01,4,833,932,809,728,696,750,1077,863,5.6,1495,852,3.9,852,7,1456,1216,669,5.3,992,5.3,1110,3.4,747,4.7,989,943,816,725,3.6,3.3,4.4,4.8,3.8,3.7,3.6,4,NA,4.9,3.1,NA
2015-10-01,3.9,826,915,806,736,684,727,1071,906,5.3,1477,866,3.7,866,7.2,1478,1209,645,5.2,963,5.4,1114,3.4,756,4.7,996,943,824,724,3.5,3.1,4.5,5.1,4,3.5,3.7,4.1,NA,5.8,NA,NA
2015-11-01,3.9,825,853,793,740,661,723,1144,880,5.3,1453,862,3.7,862,7.5,1505,1101.5,654,5.2,967,5.5,1124,3.4,742,4.8,971,943,804,739,3.5,3.1,4.6,5,3.9,3.5,3.7,4.2,NA,5.5,3.4,NA
2015-12-01,3.9,819,884,845,745,662,713,1133,869,5.3,1466,869,3.7,869,7.6,1509,1122.5,661,5.3,975,5.5,1136,3.4,732,4.8,968,945,792,744,3.5,3.1,4.5,4.9,4.2,3.4,3.6,4.2,NA,5.5,3.3,NA
2016-01-01,4,801,867.5,821,756,653,678,1069,883,5.5,1458,877,3.8,877,7.8,1530,1127,674,5.6,1022,5.7,1145,3.4,742,4.8,967,932,802,741,3.6,3.1,4.6,5.3,4.2,3.4,3.4,4.1,NA,5.5,NA,NA
2016-02-01,4,806,888.5,846,762,655,701,1077,893,5.5,1454,878,3.8,878,8,1597,1138.5,657,5.6,1043,5.8,1169,3.5,725,4.9,972,942,819,742,3.4,3.2,4.6,5.3,4.2,3.5,3.4,4.4,NA,5.1,NA,NA
2016-03-01,4,807,897.5,837,744,679,676,1070,952,5.5,1455,863,3.8,863,7.9,1636,1175.5,653,5.5,1006,5.7,1177,3.5,721,4.8,993,950,823,769,3.4,3.2,4.5,5.1,4.1,3.4,3.3,4.1,NA,5.6,NA,NA
2016-04-01,4,809,895.5,832,734,680,685,1052,915,5.7,1459,854,3.9,854,8,1650,1178,650,5.7,1009,5.8,1167,3.5,728,4.9,990,948,818,761,3.5,3.4,4.5,5.8,4,5.5,3.3,4.2,NA,4.8,NA,NA
2016-05-01,4,798,848.6666666666666,831,729,677,680,1048,865,5.6,1473,841,4,841,8.1,1698,1172,664,5.8,1000,5.8,1165,3.4,730,4.9,981,952,798,737,3.4,3.6,4.5,5.9,3.9,5,3.3,4.1,3,4.9,NA,NA
2016-06-01,4.1,799,858.6666666666666,810,726,680,672,1085,881,5.8,1483,846,3.7,846,8.2,1718,1138,659,5.7,1005,5.9,1184,3.4,725,4.9,1001,983,796,772,3.5,3.8,4.5,5.7,3.8,3.5,3.4,4.1,2.9,4.4,NA,NA
2016-07-01,4.2,799,878,790,741,678,698,1088,862,6.3,1493,854,3.8,854,8.4,1758,1162,639,5.9,1023,6,1193,3.4,721,4.9,1012,958,787,746,3.6,3.7,4.6,6,4,3.4,3.4,4.2,NA,4.1,NA,NA
2016-08-01,4.1,800,863.3333333333334,808,741,675,701,1047,870,6.2,1498,853,3.9,853,9.3,1764,1144.5,649,6.5,1022,6.5,1193,3.4,720,4.9,1006,940,786,754,3.6,3.7,4.9,5.7,4,3.5,3.4,4.5,NA,4.7,NA,NA
2016-09-01,4,806,845.6666666666666,822,736,703,700,1014,921,6,1512,849,3.8,849,9.6,1764,1194.5,600,6.7,1028,6.7,1213,3.4,719,4.9,1013,954,806,729,3.6,3.8,5,5.2,4,3.6,3.3,4.2,NA,4.7,3.3,NA
2016-10-01,4.1,810,856.3333333333334,787,737,679,694,1013,878,6,1514,854,3.9,854,9.9,1845,1143,611,7,1041,6.9,1233,3.6,733,5.1,1021,932,781,717,4.6,3.7,5.1,5.4,3.9,3.4,3.2,4.1,2.8,5.2,3.2,NA
2016-11-01,4.1,812,850,794,741,674,682,1010,889,6.1,1541,861,4,861,10.5,1925,1157,614,7.5,1059,7.3,1273,3.6,752,5.2,1035,934,785,720,5.5,3.7,5.3,5.8,4,3.5,3.1,4.1,2.9,4.9,3.4,NA
2016-12-01,4,813,839.6666666666666,770,735,701,674,1006,908,6,1547,879,4,879,11,1955,1159.5,601,8.1,1081,7.7,1286,3.5,735,5.3,1026,948,826,733,4.3,3.8,5.3,5.8,4,3.6,3.2,4.3,2.7,4.8,3.4,NA
2017-01-01,4,814,876.5,766,737,698,665,1016,923,6.3,1567,890,3.9,890,11.5,2002,1202,594,8.2,1084,8,1293,3.5,734,5.3,1035,946,823,738,4.2,3.9,5.3,5.9,3.9,5.3,3.3,4.3,NA,5.1,NA,NA
2017-02-01,4,809,877.75,769,742,688,681,965,924,6.5,1598,900,4,900,11.6,2036,1204.5,594,8,1091,8,1306,3.6,735,5.4,1039,932,788,728,4.2,4,5.3,6.1,3.9,5,3.3,4.8,NA,5.1,3.5,NA
2017-03-01,4.1,819,861.75,765,750,708,687,972,878,6.7,1619,901,3.9,901,11.5,2083,1197.5,590,7.9,1113,7.9,1330,3.6,743,5.4,1050,939,799,720,4,3.8,5.3,5.9,3.8,4.9,3.2,4.8,NA,4.9,3.4,NA
2017-04-01,4,827,867.25,782,757,698,686,969,890,6.8,1636,905,3.9,905,11.4,2165,1191.5,589,7.8,1129,7.9,1354,3.7,736,5.5,1061,906,789,719,4,3.8,5.2,5.6,3.6,3.2,3.1,4.4,NA,4.8,NA,NA
2017-05-01,4.1,826,856,770,763,699,681,982,861,6.8,1643,896,4,896,11.3,2195,1235,583,7.6,1134,7.8,1362,4.1,723,5.4,1068,910,783,720,4.1,3.8,5.2,6,3.6,3.2,3.2,NA,NA,5.1,3.3,NA
2017-06-01,4.1,830,860.25,776,766,685,676,991,872,6.9,1664,902,4.2,902,11.7,2222,1211.5,730,7.9,1152,8.1,1381,4.1,720,5.6,1080,913,779,725,4.1,3.6,5.2,5.5,3.7,3.3,3.2,4.4,NA,5,NA,NA
2017-07-01,4.2,836,851.25,771,766,678,679,994,868,7.3,1702,910,4.2,910,11.8,2274,1273,728,7.8,1162,8.2,1401,4.1,724,5.7,1092,909,786,733,4.2,3.7,5.2,6.1,4.1,3.3,3.3,NA,NA,4.9,NA,NA
2017-08-01,4.5,833,810.75,766,779,682,679,994,849,7.1,1712,910,4.3,910,11.7,2356,1262.5,725,7.5,1176,8.2,1422,3.7,729,5.9,1101,898,742,728,4.3,3.8,4.9,6.6,4,3.4,3.3,NA,NA,5.3,NA,NA
2017-09-01,4.7,848,853.75,770,780,673,679,997,890,6.9,1753,915,4.3,915,11.8,2397,1305,720,7.7,1187,8.3,1449,3.7,731,6.3,1109,905,752,735,4.4,3.8,5.1,6.4,3.7,3.7,3.3,4.2,NA,5.3,NA,NA
2017-10-01,4.6,854,855.25,776,784,656,676,995,890,6.9,1768,917,4.2,917,12.1,2451,1328.5,725,8,1228,8.5,1473,3.7,742,6.1,1132,903,750,745,4.3,3.6,5.1,6.8,3.7,3.6,3.4,NA,NA,5.2,3.4,NA
2017-11-01,4.6,863,855.5,769,791,663,670,1007,893,7.2,1780,915,4.3,915,12,2520,1326.5,719,7.5,1260,8.4,1497,3.6,742,6.1,1143,916,754,741,4.2,3.7,5.1,7.1,3.8,3.9,3.4,NA,NA,5.3,3.6,NA
2017-12-01,4.4,880,857.5,779,800,686,667,1009,889,7.4,1777,919,4.3,919,12.2,2568,1338,722,7.5,1299,8.7,1515,3.7,734,6.2,1153,924,768,747,4.5,3.6,5.2,6.9,3.8,3.5,3.5,NA,NA,5.3,4,NA
2018-01-01,4.5,877,832.5,782,808,684,673,998,900,7.6,1800,938,4.4,938,12.5,2603,1319.5,834,7.6,1310,9,1528,3.8,739,6.4,1158,922,770,745,4.6,3.7,5.3,7.2,4,3.6,3.7,NA,NA,5.6,NA,NA
2018-02-01,4.5,874,845.25,788,816,676,675,1005,894,7.9,1818,942,4.3,942,12.6,2623,1324.5,838,7.9,1333,9.2,1540,3.9,740,6.4,1177,932,745,729,4.8,3.8,5.2,7.6,3.9,3.6,3.6,NA,NA,5.3,NA,NA
2018-03-01,4.4,868,840.25,785,825,663,672,1016,872,8.1,1821,951,4.3,951,12.9,2646,1320.5,723,8,1339,9.5,1554,3.9,749,6.4,1176,952,759,727,4.9,3.7,5.2,7.3,4,NA,3.5,NA,NA,5.2,NA,NA
2018-04-01,4.6,868,869.25,798,834,668,667,1006,864,8,1863,958,4.6,958,13.2,2678,1345,733,8.1,1367,9.7,1565,3.9,750,6.6,1190,960,781,729,4.9,3.7,5.3,7.5,4.1,4.1,3.6,NA,NA,5.2,NA,NA
2018-05-01,4.9,876,859.5,802,841,690,655,979,869,8.2,1893,967,5.1,967,13.2,2708,1296.5,733,8.2,1407,9.9,1586,3.9,759,6.6,1210,964,803,718,5.1,3.7,5.4,7.4,4.2,4.2,3.9,NA,NA,5.7,NA,NA
2018-06-01,4.9,897,839,811,858,668,657,982,858,8.5,1926,980,4.9,980,13.2,2805,1304,747,8.2,1454,10.1,1637,4,755,6.8,1235,955,797,732,5.1,3.6,5.5,7.8,4.3,4.4,3.9,NA,NA,NA,NA,NA
2018-07-01,5.3,1063,1082.5,989,957,726,721,1131,1063,8.7,1920,1051,4.9,1051,13.4,3092,1591,727,8.6,1711,10.6,1955,3.9,768,7,1189,1019,902,881,5.4,4,5.7,7.7,4.4,NA,4,NA,NA,NA,NA,NA
2018-08-01,4.9,932,831.25,813,880,670,653,967,864,8.5,1984,996,4.8,996,13.3,2810,1282.5,776,8.9,1528,10.3,1669,4.2,763,7.3,1269,958,789,743,5.4,3.9,5.6,7.6,4.4,4.1,3.6,NA,NA,NA,NA,NA
2018-09-01,4.8,946,835.25,815,892,681,668,964,864,8.2,1996,1010,4.8,1010,13.4,2836,1280.5,782,8.8,1532,10.4,1698,4.1,764,7.2,1283,979,784,754,5.4,4,5.6,7.6,4.5,NA,3.7,NA,NA,NA,NA,NA
2018-10-01,5,968,867,807,900,695,652,971,866,8.2,2023,1018,4.6,1018,13.6,2876,1292,789,8.8,1571,10.5,1738,4.1,766,7.3,1298,986,781,751,5.3,3.8,5.7,8,4.4,NA,3.5,NA,NA,5.5,NA,NA
2018-11-01,5.3,990,906.5,799,904,696,662,980,849,8.3,2032,1041,4.8,1041,13.8,2894,1300,775,8.9,1598,10.7,1760,4.1,766,7.5,1315,989,764,750,5.2,3.7,5.7,8.3,4.5,NA,3.5,NA,NA,5.8,NA,NA
2018-12-01,5,994,902.5,793,911,688,668,996,847,8.3,2032,1054,4.8,1054,14.1,2919,1295,788,8.9,1632,11,1786,4.1,770,7.8,1320,999,749,735,5.3,3.7,5.6,7.9,4.9,NA,3.8,NA,NA,NA,NA,NA
2019-01-01,5.3,1004,881,790,914,710,671,1013,850,8.5,2043,1071,5,1071,14.1,2953,1311.5,784,9.4,1677,11.2,1803,4.4,777,7.8,1344,987,751,749,5.5,3.7,5.6,7.8,4.8,NA,3.5,NA,NA,NA,NA,NA
2019-02-01,5.2,1008,857.5,787,915,700,681,996,844,8.6,2040,1049,5.1,1049,14.2,2948,1320,781,9.4,1694,11.3,1804,4.2,782,7.9,1345,975,742,742,5.3,3.8,5.8,8.1,4.5,NA,3.5,NA,NA,NA,NA,NA
2019-03-01,5.4,1013,855,801,931,695,684,1006,844,9.3,2050,1055,5.4,1055,14.2,2991,1331,773,9.3,1727,11.3,1837,4.2,786,7.9,1372,969,751,748,5.5,3.8,5.7,8.1,4.6,NA,3.6,NA,NA,NA,NA,NA
2019-04-01,5.6,1033,832.5,791,948,714,684,1009,858,9.1,2064,1068,5.5,1068,14.1,3009,1341,757,9.4,1783,11.3,1856,4.4,786,7.8,1384,973,761,751,5.6,3.9,5.9,8,4.9,4.7,3.6,NA,NA,5.4,NA,NA
2019-05-01,5.6,1049,855.25,789,964,732,683,1024,869,8.8,2103,1074,4.9,1074,14.1,3055,1339.5,763,9.5,1809,11.4,1880,4.4,788,7.7,1402,979,748,751,5.8,4,5.8,8,5.6,4.7,3.7,NA,NA,NA,NA,NA
2019-06-01,5.6,1051,819,779,958,729,673,1026,867,9.2,2134,1079,5.2,1079,14,3105,1370,750,9.5,1805,11.4,1900,4.4,782,7.7,1431,968,751,761,5.7,4.3,6,8.1,5.6,4.8,3.8,NA,NA,5.5,NA,7
2019-07-01,5.8,1061,831,773,963,729,679,1031,856,9.3,2142,1085,5.6,1085,13.7,3123,1385.5,768,9.4,1863,11.3,1927,4.4,787,7.9,1455,985,751,754,6.1,4.9,5.9,8.1,5.3,5,3.7,NA,NA,6,NA,6.3
2019-08-01,6.2,1058,847.5,781,964,738,683,1043,852,9.4,2158,1098,6,1098,13.8,3145,1403.5,776,9.5,1856,11.3,1932,4.3,789,7.9,1467,991,760,754,6.1,5.1,5.8,7.9,5.1,4,3.5,NA,NA,6.8,NA,NA
2019-09-01,6.3,1066,843,795,965,731,682,1057,850,9.7,2159,1100,5.5,1100,13.9,3146,1424,779,9.5,1863,11.3,1938,4.4,791,8.2,1486,995,756,743,6.1,5.2,5.8,7.9,5.2,4.1,3.8,NA,NA,6.9,NA,NA
2019-10-01,6.4,1064,847,796,963,737,699,1059,833,9.2,2167,1113,5.6,1113,13.9,3175,1392,756,9.5,1883,11.2,1957,4.4,792,8.2,1499,1000,743,724,6.3,5.3,5.8,7.9,5.3,4.4,3.9,NA,NA,6.9,4.5,6.9
2019-11-01,6.3,1066,853,796,963,731,690,1059,838,9,2177,1107,5.3,1107,13.9,3206,1388,623,9.8,1898,11.3,1977,4.6,771,8.3,1513,996,740,730,6.3,5.5,5.9,7.9,5.4,4.3,4.3,NA,NA,NA,4.4,6.8
2019-12-01,6.3,1089,835.75,802,971,747,678,1068,873,9.1,2189,1114,5.6,1114,13.9,3222,1423,635,9.9,1922,11.3,1990,4.5,759,8.2,1532,976,733,758,6.2,5.1,6,7.8,5.3,NA,5.3,NA,NA,NA,NA,6.8
2020-01-01,6.5,1105,860,801,983,727,685,1076,872,9.2,2210,1109,5.6,1109,13.8,3249,1435,644,10,1935,11.3,1992,4.7,757,8.3,1551,978,723,784,6.4,4.7,6.4,7.7,5.2,NA,4.4,NA,NA,NA,NA,NA
2020-02-01,6.4,1111,875.75,795,990,745,693,1091,910,9.2,2223,1113,5.9,1113,13.8,3281,1430,646,10.1,1965,11.4,2010,4.8,760,8.4,1578,977,741,780,6.5,4.5,6.5,7.9,5.3,NA,4.1,NA,NA,NA,NA,6.9
2020-03-01,6.6,1114,905.25,790,998,745,688,1102,913,9.4,2233,1112,6,1112,14,3272,1430,731,10.1,1992,11.6,2020,4.8,770,8.4,1600,996,754,794,6.4,4.6,6.6,8,5.6,NA,4.2,NA,NA,8.2,NA,6.3
2020-04-01,6.5,1126,906.75,770,1011,747,696,1103,900,9.7,2264,1110,6.1,1110,14.2,3289,1445.5,637,10.2,2023,11.8,2031,4.9,764,8.5,1619,1004,749,812,6.4,4.8,6.8,8.3,5.8,NA,4.4,NA,NA,NA,NA,6.3
2020-05-01,6.7,1138,920.75,763,1018,747,683,1113,877,9.6,2288,1113,5.9,1113,14,3297,1450.5,651,10,2068,11.7,2036,5.1,768,8.5,1630,995,742,809,6.5,4.7,6.7,7.9,5.7,NA,4.5,NA,NA,NA,NA,6.1
2020-06-01,6.5,1145,942.5,758,1019,751,687,1113,868,9.6,2286,1121,5.5,1121,13.7,3282,1442,641,9.8,2061,11.5,2034,5,767,8.4,1638,1005,766,812,6.3,4.9,6.6,7.6,5.4,NA,4.7,NA,NA,7.1,NA,6.2
2020-07-01,6.5,1157,926.25,771,1028,787,696,1131,884,9.9,2284,1123,5.5,1123,13.5,3234,1435.5,650,9.8,2039,11.4,2021,5,771,8.3,1635,982,771,822,6.2,5,6.5,7.6,5.3,4.6,4.5,NA,NA,7.1,NA,6.9
2020-08-01,6.7,1189,926.75,787,1035,785,697,1150,861,9.9,2317,1134,5.7,1134,13.4,3235,1435,633,9.8,2046,11.3,2038,5,780,8.3,1654,992,770,832,6.1,5,6.5,7.7,5.2,4.4,4.7,NA,NA,7.7,NA,6.8
2020-09-01,6.9,1203,942,779,1030,767,688,1153,857,9.4,2324,1131,5.7,1131,13.3,3253,1444.5,633,9.7,2056,11.2,2049,4.9,775,8.3,1659,998,777,841,6,4.8,6.6,7.7,5.1,4.4,4.8,NA,NA,7.2,NA,7
2020-10-01,7.1,1218,928.25,778,1031,766,683,1160,867,9.3,2328,1141,5.5,1141,13.3,3242,1457.5,619,9.7,2067,11.2,2057,4.8,772,8.4,1669,1011,835,845,6.2,4.7,6.6,7.7,5.1,4,5.1,NA,NA,7.4,NA,6.7
2020-11-01,6.7,1228,924.25,760,1039,758,680,1187,875,9.2,2336,1137,5.6,1137,13.2,3281,1494.5,631,9.8,2085,11.1,2085,4.8,782,8.4,1677,1010,852,852,6.2,4.8,6.6,7.8,5.1,NA,5.2,NA,NA,6.9,NA,6.6
2020-12-01,6.9,1249,934.25,777,1062,765,693,1196,871,9.1,2347,1143,5.6,1143,13.1,3290,1515.5,634,9.8,2107,11.1,2099,4.9,792,8.4,1688,1008,853,868,6.1,4.9,6.6,7.9,5.1,NA,5,NA,NA,7.1,NA,7.5
2021-01-01,7.2,1268,942.25,781,1077,772,700,1198,868,8.9,2362,1147,5.8,1147,13.1,3362,1529.5,634,9.8,2138,11.1,2131,5,793,8.5,1714,1014,850,861,6.1,5,6.7,8.2,5,NA,4.8,NA,NA,NA,NA,7.8
2021-02-01,7.1,1282,955.75,772,1087,779,700,1196,883,9,2354,1151,5.9,1151,13,3356,1549.5,629,9.9,2142,11.1,2123,5.1,796,8.5,1731,1020,837,864,6,4.7,6.8,8,5.2,NA,4.9,NA,NA,NA,NA,7.9
2021-03-01,6.9,1293,980.75,772,1110,772,711,1199,884,9.1,2352,1162,5.7,1162,12.9,3392,1567.5,634,9.9,2136,11,2136,5,796,8.4,1744,1034,852,856,6,4.7,6.8,8.2,5.2,4.9,5.1,NA,NA,NA,NA,7.4
2021-04-01,6.8,1280,977.5,768,1124,765,717,1186,905,9.1,2368,1172,5.7,1172,12.8,3413,1562,619,9.8,2153,10.9,2153,4.8,796,8.4,1767,1032,849,867,6,4.9,7,8.1,5.4,4.5,5.1,NA,NA,7.9,NA,7.6
2021-05-01,6.8,1298,936.75,771,1125,738,715,1204,931,9.2,2372,1188,5.7,1188,12.8,3414,1557,614,9.9,2183,10.9,2159,5.1,799,8.5,1791,1040,867,841,5.9,5,7,7.9,5,4.3,5.3,NA,NA,7.2,NA,7.4
2021-06-01,6.8,1311,954.75,781,1134,744,707,1211,955,9.4,2400,1195,5.7,1195,12.8,3449,1570,608,9.9,2222,11,2180,5,805,8.5,1812,1051,864,844,6,5,7,7.8,5.3,4.6,5.4,NA,NA,7.8,NA,7
2021-07-01,6.7,1328,978,786,1144,746,721,1201,977,9.6,2434,1206,5.9,1206,12.7,3497,1577.5,602,9.9,2231,10.9,2205,5.1,813,8.5,1829,1073,909,832,6.1,5.1,7,7.9,5.4,4.6,5.3,NA,NA,8.2,NA,6.8
2021-08-01,6.7,1342,971.75,794,1148,744,735,1180,995,9.7,2465,1227,6,1227,12.7,3536,1594.5,597,10,2243,10.9,2224,5.1,831,8.5,1866,1067,921,840,6,5.3,7.1,8,5.8,4.7,5,NA,NA,7.6,NA,7
2021-09-01,6.8,1363,926.2,815,1160,758,726,1175,987,9.7,2508,1230,6,1230,12.7,3564,1613.5,597,9.9,2243,10.8,2230,5.2,835,8.6,1869,1063,919,860,6.1,6,7,8.1,6.2,4.8,4.7,NA,NA,7.8,NA,7.3
2021-10-01,6.9,1361,975,809,1184,762,716,1179,1045,9.8,2544,1237,6.1,1237,12.7,3615,1645.5,596,9.8,2251,10.8,2256,5.1,839,8.8,1897,1068,925,876,6.3,5.9,6.9,8.2,5.8,4.6,4.7,NA,NA,8.1,NA,6.2
2021-11-01,6.7,1363,981.25,819,1196,770,723,1189,1046,9.8,2564,1244,6.1,1244,12.7,3666,1662.5,601,9.8,2272,10.7,2285,5,846,8.7,1924,1072,914,880,6.3,5.9,6.8,8.2,5.7,4.7,4.7,NA,NA,7.6,NA,6.5
2021-12-01,6.7,1385,1115.6,841,1216,779,723,1200,1044,9.7,2579,1246,6.2,1246,12.7,3689,1657,606,9.8,2281,10.7,2292,5,840,8.8,1948,1075,901,868,6.3,5.8,7,8.6,6,4.6,4.7,NA,NA,NA,NA,6.7
2022-01-01,7,1410,1062.6666666666667,833,1239,783,710,1201,1028,9.9,2601,1259,6.3,1259,12.8,3677,1667.5,607,9.8,2285,10.8,2279,5.3,845,9,1970,1080,900,876,6.3,5.8,7,9.2,5.9,4.7,4.9,NA,NA,NA,NA,NA
2022-02-01,7,1426,1097,841,1242,764,708,1196,1064,9.8,2643,1260,6.3,1260,13,3719,1680.5,602,9.9,2304,10.9,2295,5.2,843,8.9,1985,1093,914,880,6.6,5.7,7.4,9.2,5.9,4.4,5,NA,NA,NA,NA,7.1
2022-03-01,6.9,1417,1093.6,830,1257,779,702,1210,1082,10,2664,1276,6.5,1276,13,3756,1730.5,584,10,2326,11,2315,5.3,854,9,2007,1087,917,879,6.7,5.5,7.4,9.5,6.3,4.5,5,NA,NA,NA,NA,7.2
2022-04-01,6.9,1467,1100.4,822,1266,790,694,1210,1087,10.4,2694,1307,6.6,1307,13.2,3744,1778.5,587,9.9,2337,11.1,2319,5.5,861,9,2029,1097,866,871,6.8,5.3,7.4,9.6,6.2,4.3,5.2,NA,NA,NA,NA,7
2022-05-01,6.8,1514,1056.6666666666667,837,1306,790,702,1206,1026,10.9,2726,1334,6.8,1334,13.4,3784,1813,616,10,2338,11.2,2333,5.7,877,9,2065,1110,868,896,6.7,5.4,7.2,9.8,6.2,4.4,5.1,NA,NA,NA,NA,6.9
2022-06-01,7.1,1523,1070.5,823,1341,782,706,1199,1051,11.6,2767,1367,7.1,1367,13.6,3810,1839.5,622,10.1,2352,11.3,2349,5.9,908,9.2,2108,1147,867,889,6.7,5.6,7,10.3,6.3,4.2,5.2,NA,NA,8.5,NA,NA
2022-07-01,7.2,1536,1126,861,1362,811,726,1197,1053,11.5,2796,1373,7.1,1373,13.8,3811,1865.5,636,10.1,2345,11.4,2352,6,922,9.4,2154,1149,856,894,6.9,6,7.3,10.9,6.8,4.9,5.1,NA,NA,NA,NA,NA
2022-08-01,7.4,1585,1129.5,854,1377,813,720,1200,1047,11.5,2831,1378,7.5,1378,14.2,3820,1908.5,644,10.2,2383,11.6,2367,5.9,936,9.5,2183,1166,902,902,7.2,6.1,7.4,10.5,7.6,5.1,5.4,NA,NA,NA,NA,NA
2022-09-01,7.2,1619,1144.1666666666667,886,1382,821,712,1220,1123,11.4,2890,1372,7.2,1372,14.6,3775,1922.5,642,10.5,2398,11.8,2363,6,953,9.5,2210,1181,927,913,7,6.3,7.7,10.5,7.8,5.5,5.4,NA,NA,NA,NA,NA
2022-10-01,7.8,1628,1142.8333333333333,925,1380,847,709,1261,1137,11.1,2957,1383,7.5,1383,15.3,3787,1958,639,10.9,2399,12.1,2386,6.3,976,9.9,2249,1173,929,927,6.9,5.6,7.9,11,7.8,5.6,5.6,NA,NA,8.6,5,NA
2022-11-01,8,1645,1204,934,1403,875,717,1301,1176,11,3003,1410,7.5,1410,15.8,3798,2014,642,11.5,2392,12.4,2418,6.2,982,10.2,2276,1193,936,954,7.3,5.7,7.9,10.8,7.6,5.7,5.4,NA,NA,9,4.6,8.3
2022-12-01,8.1,1652,1166.4,934,1418,868,714,1295,1272,11.2,3027,1412,7.8,1412,16.3,3782,2099,633,12.2,2420,12.9,2432,6.3,999,10.3,2292,1205,979,934,7.5,6.3,7.6,10.8,7.7,6.8,5.6,NA,NA,9.3,4.5,8
2023-01-01,8.1,1673,1219.2,952,1397,863,726,1286,1434,11.6,3041,1430,7.9,1430,16.5,3790,2117,627,12.6,2427,13.1,2436,6.5,1008,10.5,2306,1225,958,908,7.5,6.3,7.7,10.9,8.7,5.4,5.8,NA,NA,9.6,4.8,NA
2023-02-01,8.3,1661,1302.6666666666667,936,1456,866,749,1275,1466,11.5,3065,1444,8,1444,16.9,3819,2146,630,12.7,2413,13.3,2446,6.5,1014,10.6,2308,1255,944,919,7.6,6.2,7.8,11,8.2,5.5,6.4,NA,NA,9,5.3,NA
2023-03-01,8.4,1648,1282.6666666666667,952,1513,859,757,1318,1441,11.9,3082,1445,8.4,1445,17.1,3820,2149,638,12.8,2423,13.6,2454,7,1026,11,2316,1311,929,936,7.9,6.1,8,11.1,8,5.4,6.3,NA,NA,8.7,5.4,NA
2023-04-01,8.2,1672,1209.2,976,1549,870,772,1347,1446,12.2,3098,1441,8.8,1441,17.3,3845,2174.5,634,12.9,2462,13.8,2480,7,1030,11.1,2330,1328,956,955,8,6.1,8.3,11.9,7.6,5.5,5.7,NA,NA,8.9,5.3,8.9
2023-05-01,8.1,1660,1215.2,1002,1546,887,765,1389,1381,12.2,3115,1453,8.5,1453,17.6,3840,2231,651,13,2463,14.1,2483,7,1042,11.3,2358,1386,944,986,8.2,6.4,9,12.1,7.8,5.6,5.7,NA,NA,9.7,5.5,NA
2023-06-01,8.2,1665,1269,1037,1518,874,788,1408,1385,13.1,3137,1482,8.5,1482,18,3864,2238.5,665,13.3,2493,14.5,2507,7,1047,11.4,2398,1445,964,989,8.3,6.6,9.1,13.1,7.8,6.3,6,8,NA,9.9,5.6,NA
2023-07-01,9,1684,1250.8,1048,1504,853,776,1389,1398,13.7,3150,1483,8.7,1483,18.6,3842,2315.5,659,13.6,2475,15,2503,7,1068,11.7,2427,1471,969,995,8.5,6.2,9.4,13.7,8.4,6.6,6.4,8.1,NA,10.4,5.7,NA
2023-08-01,9.8,1678,1273.2,1057,1515,857,759,1380,1334,13.6,3173,1509,8.9,1509,18.8,3823,2330.5,682,14,2448,15.3,2494,7.2,1078,11.9,2455,1471,946,1030,8.9,6.7,9.6,13.3,9.2,6.6,7.2,8.4,NA,10.7,5.8,NA
2023-09-01,9.6,1625,1266.6,1055,1513,866,762,1366,1340,13.6,3191,1525,9,1525,19.1,3820,2381.5,690,14.2,2445,15.3,2491,7,1088,11.9,2454,1418,957,1042,8.8,6.9,9.7,13.2,9.1,6.2,7,8.3,NA,11.2,5.7,NA
2023-10-01,9.4,1644,1305.3333333333333,1047,1511,874,771,1358,1251,13.2,3200,1525,8.7,1525,19.1,3841,2412.5,667,14.7,2450,15.3,2500,7.4,1094,12.3,2463,1406,962,1033,8.8,6.7,9.3,13,8.3,6.3,6.4,9,NA,10.8,6,11
2023-11-01,9.3,1662,1438,1067,1515,865,861,1377,1299,13.1,3215,1549,8.9,1549,19,3861,2506.5,700,14.9,2487,15.3,2530,7.4,1128,12.5,2464,1409,949,1073,8.6,6.9,9.4,12.8,8.1,6.2,6.9,8.9,NA,10.3,5.6,9.6
2023-12-01,9.3,1668,1354.5,1054,1501,872,867,1391,1322,13.2,3251,1557,9.3,1557,19.1,3896,2571,721,15.1,2516,15.5,2561,7.3,1126,12.5,2444,1457,942,1066,8.5,7.5,9.8,13.5,8.1,6.2,7.4,9,NA,10.3,6.1,9.1
2024-01-01,9.1,1685,1432.6666666666667,1051,1511,870,901,1403,1235,13.2,3283,1572,9.5,1572,19.6,3949,2605,718,15.1,2551,15.8,2582,7.6,1136,12.6,2450,1455,963,1081,9,7.1,9.9,14.3,8,6,7.4,8.7,NA,10.3,6.6,8.7
2024-02-01,9.1,1680,1431.3333333333333,1083,1526,858,900,1401,1256,13.3,3303,1585,9.3,1585,19.7,3987,2616.5,708,15.1,2567,15.8,2596,7.3,1137,12.6,2469,1432,971,1081,9.1,6.8,10.1,13.7,8.3,5.8,7.3,9.3,NA,10,6.2,9.1
2024-03-01,9.4,1687,1353.5,1071,1520,877,832,1410,1273,13.4,3321,1604,9.3,1604,19.6,4008,2619,717,15.1,2581,15.8,2610,7.5,1135,12.6,2472,1437,972,1093,9.1,6.8,10.3,13.4,8.2,5.9,7.1,10.2,NA,9.9,5.8,8.5
2024-04-01,9.7,1723,1387.3333333333333,1098,1547,884,839,1389,1280,13.6,3334,1616,9.2,1616,19.8,4027,2628,724,15.2,2580,16.1,2622,7.8,1160,12.6,2472,1466,973,1118,9.4,7.2,10.7,13.8,8.2,5.9,7.2,9.9,NA,10.1,6.1,NA
2024-05-01,9.8,1709,1370.1666666666667,1114,1610,882,852,1385,1284,13.6,3355,1651,9.2,1651,19.8,4060,2668.5,719,15.4,2612,16.1,2654,7.9,1169,12.8,2511,1483,976,1145,9.2,7,10.5,14.2,8.5,5.7,6.9,10,NA,9.7,6.6,NA
2024-06-01,9.6,1709,1398.6666666666667,1085,1659,880,867,1409,1303,14.1,3373,1631,9.5,1631,19.8,4096,2677,733,15.3,2656,16.2,2683,8,1171,12.8,2548,1381,983,1121,9.2,7.1,10.3,14.1,8.6,6.2,7.1,9.2,NA,10,6.5,NA
2024-07-01,9.6,1705,1429,1092,1610,891,853,1411,1321,14.4,3414,1641,9.4,1641,19.9,4117,2699.5,742,15.4,2680,16.3,2696,8,1175,12.9,2563,1398,1008,1066,9.2,7.1,10.6,13.6,8.1,6.3,7.4,9.4,NA,10.2,6,NA
2024-08-01,9.5,1732,1443,1130,1626,902,850,1444,1328,14.6,3467,1645,10,1645,19.8,4156,2735,750,15.3,2743,16.3,2722,8.2,1189,13,2596,1443,1029,1085,9.2,6.8,10.6,13.7,8.1,6.4,7,9.3,NA,10.7,6.1,NA
2024-09-01,9.5,1757,1452,1146,1644,907,858,1461,1361,14.6,3513,1694,9.7,1694,20,4174,2821,761,15.4,2764,16.3,2735,8.1,1215,13.2,2619,1472,1030,1091,9.4,6.7,10.7,13.7,8.3,6.8,6.7,8.9,NA,10.1,6.2,NA
2024-10-01,9.7,1729,1403.8333333333333,1165,1643,943,858,1464,1395,14.5,3522,1691,9.4,1691,19.9,4152,2842,776,15.5,2789,16.1,2733,8,1237,13.2,2629,1479,1039,1097,9.5,7,10.5,14.4,8.5,7.4,7.1,8.6,NA,10.1,7,NA
2024-11-01,9.6,1760,1416.6666666666667,1208,1685,922,866,1494,1415,14.3,3528,1710,9.4,1710,19.9,4225,2898.5,798,15.5,2867,16.1,2783,8.2,1255,13.4,2654,1461,1041,1118,9.6,7.1,10.4,15.1,8.5,7.4,7.2,8.8,NA,10.4,6.9,10.1
2024-12-01,9.6,1829,1451.8333333333333,1209,1689,917,908,1524,1446,14.3,3558,1737,9.6,1737,20,4279,2933,811,15.7,2916,16.2,2827,8.2,1279,13.4,2700,1481,1056,1147,9.5,7.3,10.4,15.2,8.4,7.5,7.3,10.2,NA,10.9,6.9,9.7
2025-01-01,9.6,1787,1465.8333333333333,1187,1645,907,879,1458,1434,15.2,3507,1713,9.3,1713,20.1,4104,2977.5,823,15.7,2733,16.4,2693,8.2,1298,13.6,2677,1472,1047,1108,9.7,7.3,10.2,15.6,9.2,7.8,7.2,9.5,7.2,10.9,6.9,10.3
2025-02-01,9.6,1835,1464.1666666666667,1238,1684,903,901,1496,1495,15.8,3533,1730,9.4,1730,20.1,4167,3024,828,15.4,2789,16.4,2742,8.4,1315,13.8,2714,1486,1063,1155,9.9,7,10.2,15.7,8.9,7.6,7.3,9.4,6.8,11.1,6.7,10.7
2025-03-01,9.6,1854,1525.3333333333333,1226,1692,903,941,1507,1492,15.3,3543,1751,9.6,1751,20.2,4211,3042,843,15.6,2848,16.6,2775,8.5,1328,13.8,2752,1525,1095,1170,10.2,7.5,11,15.5,8.9,8.2,7.5,9.2,7.2,11.1,6.5,10.4
